{"_timestamp":1.78214071637675e+09,"_step":0,"_wandb":{"runtime":0},"_runtime":0,"precision_at_5":0.9119999999999999,"recall_at_5":0.01246400998609416}