{"_timestamp":1.782395974668749e+09,"_wandb":{"runtime":0},"_runtime":0,"_step":0,"precision_at_5":0.8906666666666668,"recall_at_5":0.013629803211049776}