{"_timestamp":1.782395950499601e+09,"_wandb":{"runtime":0},"_runtime":0,"_step":0,"precision_at_5":0.9266666666666666,"recall_at_5":0.012633111022493525}