{"_timestamp":1.7823959790732548e+09,"_wandb":{"runtime":0},"_runtime":0,"_step":0,"precision_at_5":0.9133333333333331,"recall_at_5":0.013063716507394296}