{"recall_at_5":0.012823161667776533,"_timestamp":1.782395977030035e+09,"_step":0,"_wandb":{"runtime":0},"_runtime":0,"precision_at_5":0.9253333333333332}