{"precision_at_5":0.8746666666666666,"_wandb":{"runtime":0},"_runtime":0,"recall_at_5":0.012484691844062942,"_timestamp":1.7821407062389581e+09,"_step":0}