{"precision_at_5":0.8959999999999998,"recall_at_5":0.013381747952176686,"_timestamp":1.782140699278751e+09,"_runtime":0,"_wandb":{"runtime":0},"_step":0}