{"_timestamp":1.782395946130285e+09,"_wandb":{"runtime":0},"_runtime":0,"_step":0,"precision_at_5":0.9013333333333332,"recall_at_5":0.014110799462634492}