{"recall_at_5":0.012458439671788323,"_timestamp":1.782395991281148e+09,"_wandb":{"runtime":0},"_runtime":0,"_step":0,"precision_at_5":0.9053333333333334}