{"_step":0,"precision_at_5":0.9146666666666666,"recall_at_5":0.01328128730275354,"_timestamp":1.782140697156147e+09,"_runtime":0,"_wandb":{"runtime":0}}