{"_wandb":{"runtime":0},"_runtime":0,"recall_at_5":0.012490189198596478,"_timestamp":1.7821407042043898e+09,"_step":0,"precision_at_5":0.8933333333333333}