{"_step":0,"precision_at_5":0.9186666666666667,"recall_at_5":0.012525272696866385,"_timestamp":1.782140732376016e+09,"_wandb":{"runtime":0},"_runtime":0}