{"recall_at_5":0.012833883801753114,"_timestamp":1.782395964107614e+09,"_wandb":{"runtime":0},"_runtime":0,"_step":0,"precision_at_5":0.912}