{"_timestamp":1.782140712280826e+09,"_step":0,"precision_at_5":0.9013333333333332,"_wandb":{"runtime":0},"_runtime":0,"recall_at_5":0.012628222843921705}