{"precision_at_5":0.9053333333333332,"recall_at_5":0.013502606205421456,"_timestamp":1.782395948371097e+09,"_runtime":0,"_wandb":{"runtime":0},"_step":0}