{"precision_at_5":0.92,"recall_at_5":0.012953256330598706,"_timestamp":1.782395931326946e+09,"_wandb":{"runtime":0},"_runtime":0,"_step":0}