{"recall_at_5":0.012750984688154776,"_timestamp":1.782140759173328e+09,"_wandb":{"runtime":0},"_runtime":0,"_step":0,"precision_at_5":0.9173333333333334}