{"_step":0,"precision_at_5":0.9066666666666666,"recall_at_5":0.012537613260239487,"_runtime":0,"_wandb":{"runtime":0},"_timestamp":1.7821407081901271e+09}