{"_timestamp":1.7823959292812412e+09,"_step":0,"_wandb":{"runtime":0},"_runtime":0,"precision_at_5":0.9186666666666667,"recall_at_5":0.013258668885023797}