{"_step":0,"precision_at_5":0.9213333333333332,"recall_at_5":0.013038631111245303,"_timestamp":1.782140750532657e+09,"_wandb":{"runtime":0},"_runtime":0}