{"_timestamp":1.782140746100519e+09,"_wandb":{"runtime":0},"_runtime":0,"_step":0,"precision_at_5":0.8906666666666666,"recall_at_5":0.01182211381638245}