{"recall_at_5":0.012631178332411907,"_timestamp":1.782140752926375e+09,"_wandb":{"runtime":0},"_runtime":0,"_step":0,"precision_at_5":0.912}