{"_wandb":{"runtime":0},"_runtime":0,"_timestamp":1.782395989319881e+09,"_step":0,"precision_at_5":0.9106666666666666,"recall_at_5":0.013093486503441975}