{"recall_at_5":0.01297014063486357,"_timestamp":1.782395981230109e+09,"_runtime":0,"_wandb":{"runtime":0},"_step":0,"precision_at_5":0.9066666666666666}