{"_wandb":{"runtime":0},"_runtime":0,"precision_at_5":0.9119999999999997,"recall_at_5":0.013543277811578923,"_timestamp":1.782395957235502e+09,"_step":0}