{"_timestamp":1.782395942027931e+09,"_step":0,"_wandb":{"runtime":0},"_runtime":0,"precision_at_5":0.9226666666666667,"recall_at_5":0.013220116227524363}