{"_wandb":{"runtime":0},"_runtime":0,"precision_at_5":0.92,"recall_at_5":0.013390164214151509,"_timestamp":1.782140735087643e+09,"_step":0}