{"recall_at_5":0.014402720684437627,"_wandb":{"runtime":0},"_runtime":0,"_timestamp":1.782140737182156e+09,"_step":0,"precision_at_5":0.9279999999999999}