{"_runtime":0,"recall_at_5":0.012850710456038836,"_timestamp":1.782140710234258e+09,"_step":0,"precision_at_5":0.9146666666666666,"_wandb":{"runtime":0}}