{"_step":0,"_wandb":{"runtime":0},"_runtime":0,"precision_at_5":0.9186666666666665,"recall_at_5":0.01411377934397926,"_timestamp":1.782395937131021e+09}