{"precision_at_5":0.9026666666666665,"recall_at_5":0.013246936913722494,"_timestamp":1.782140718938926e+09,"_step":0,"_wandb":{"runtime":0},"_runtime":0}