{"recall_at_5":0.012923569173842435,"_timestamp":1.782395944171624e+09,"_step":0,"_wandb":{"runtime":0},"_runtime":0,"precision_at_5":0.9159999999999998}