{"_wandb":{"runtime":0},"_runtime":0,"precision_at_5":0.9346666666666666,"recall_at_5":0.012811017707646446,"_timestamp":1.782395987379185e+09,"_step":0}