{"_step":0,"precision_at_5":0.9146666666666666,"recall_at_5":0.012186650895084597,"_wandb":{"runtime":0},"_runtime":0,"_timestamp":1.782395933306224e+09}