{"precision_at_5":0.9040000000000001,"recall_at_5":0.012388254748727352,"_timestamp":1.7821407570406091e+09,"_wandb":{"runtime":0},"_runtime":0,"_step":0}