{"recall_at_5":0.013253991784519319,"_timestamp":1.7821407015300322e+09,"_runtime":0,"_wandb":{"runtime":0},"_step":0,"precision_at_5":0.9266666666666665}