{"_runtime":0,"recall_at_5":0.012577116682701195,"_timestamp":1.782140742037455e+09,"_step":0,"precision_at_5":0.9213333333333332,"_wandb":{"runtime":0}}