{"_runtime":0,"precision_at_5":0.9039999999999999,"recall_at_5":0.012953900714270985,"_timestamp":1.78239597239055e+09,"_step":0,"_wandb":{"runtime":0}}