{"_wandb":{"runtime":0},"_runtime":0,"precision_at_5":0.9186666666666667,"recall_at_5":0.01313707465613408,"_timestamp":1.782395985335736e+09,"_step":0}