{"_runtime":0,"_step":0,"precision_at_5":0.94,"recall_at_5":0.013589841870507904,"_timestamp":1.7821407483034508e+09,"_wandb":{"runtime":0}}