{"precision_at_5":0.8879999999999999,"recall_at_5":0.013018419001945704,"_timestamp":1.782395983203181e+09,"_wandb":{"runtime":0},"_runtime":0,"_step":0}