{"precision_at_5":0.9053333333333334,"_wandb":{"runtime":0},"_runtime":0,"recall_at_5":0.012431234797110283,"_timestamp":1.7821407302558742e+09,"_step":0}