{"_wandb":{"runtime":0},"_runtime":0,"_step":0,"precision_at_5":0.94,"recall_at_5":0.012778285662709242,"_timestamp":1.782140744026954e+09}