{"precision_at_5":0.92,"recall_at_5":0.013613533090829784,"_runtime":0,"_wandb":{"runtime":0},"_timestamp":1.782140727349487e+09,"_step":0}