{"precision_at_5":0.92,"_wandb":{"runtime":0},"_runtime":0,"recall_at_5":0.012688966532562001,"_timestamp":1.782140723137007e+09,"_step":0}