{"_runtime":0,"_step":0,"precision_at_5":0.9,"recall_at_5":0.012524055468178629,"_timestamp":1.7821407209932039e+09,"_wandb":{"runtime":0}}