{"_runtime":0,"_step":0,"precision_at_5":0.884,"recall_at_5":0.01344909349787472,"_timestamp":1.7821407550547352e+09,"_wandb":{"runtime":0}}