{"precision_at_5":0.9253333333333335,"_runtime":0,"_wandb":{"runtime":0},"recall_at_5":0.01256756413687308,"_timestamp":1.7823959620944068e+09,"_step":0}