{"_timestamp":1.782395952782822e+09,"_step":0,"_wandb":{"runtime":0},"_runtime":0,"precision_at_5":0.9039999999999999,"recall_at_5":0.01582904890610801}