{"_runtime":0,"recall_at_5":0.012296941296305158,"_timestamp":1.782140761492241e+09,"_step":0,"precision_at_5":0.916,"_wandb":{"runtime":0}}