{"_wandb":{"runtime":0},"_runtime":0,"_timestamp":1.7823959682489421e+09,"_step":0,"precision_at_5":0.9186666666666665,"recall_at_5":0.014499029554659572}