{"recall_at_5":0.014471175120817234,"_timestamp":1.782395966157171e+09,"_wandb":{"runtime":0},"_runtime":0,"_step":0,"precision_at_5":0.8973333333333331}