{"_step":0,"_runtime":0,"_wandb":{"runtime":0},"precision_at_5":0.8946666666666666,"recall_at_5":0.013669457847554137,"_timestamp":1.782395935242055e+09}