{"_runtime":0,"_wandb":{"runtime":0},"_timestamp":1.782395970110807e+09,"_step":0,"precision_at_5":0.9253333333333335,"recall_at_5":0.012976041018396106}