{"_runtime":0,"_timestamp":1.782140725313663e+09,"_step":0,"precision_at_5":0.9039999999999998,"recall_at_5":0.01387601774480397,"_wandb":{"runtime":0}}