{"_timestamp":1.7823959392057862e+09,"_step":0,"precision_at_5":0.9093333333333332,"recall_at_5":0.012988894602562612,"_wandb":{"runtime":0},"_runtime":0}