{"precision_at_5":0.9066666666666665,"_wandb":{"runtime":0},"_runtime":0,"recall_at_5":0.01312366903550571,"_timestamp":1.7821407143280342e+09,"_step":0}