{"_step":0,"precision_at_5":0.9066666666666666,"recall_at_5":0.01343714310069369,"_wandb":{"runtime":0},"_runtime":0,"_timestamp":1.7821407395381818e+09}