{"precision_at_5":0.9066666666666666,"recall_at_5":0.013882748569197927,"_timestamp":1.782395959290792e+09,"_step":0,"_wandb":{"runtime":0},"_runtime":0}