{"recall_at_5":0.011571211108237469,"_runtime":0,"_wandb":{"runtime":0},"_timestamp":1.782395955090833e+09,"_step":0,"precision_at_5":0.9053333333333332}